experiment,structure,parameter,bits_per_item,measured_fp,theory_fp,load_at_first_failure
fp_sweep,bloom_filter,p=0.1,4.79253,0.10082,0.10071321535202782,
fp_sweep,bloom_filter,p=0.05,6.23523,0.04991,0.05026935043090881,
fp_sweep,bloom_filter,p=0.02,8.14237,0.019735,0.020091705250597114,
fp_sweep,bloom_filter,p=0.01,9.58506,0.00962,0.010039209581758123,
fp_sweep,bloom_filter,p=0.005,11.02776,0.005205,0.005017104280766977,
fp_sweep,bloom_filter,p=0.001,14.37759,0.00121,0.001000023754997981,
fp_sweep,bloom_filter,p=0.0001,19.17012,6.5e-05,0.00010013445167882134,
fp_sweep,cuckoo_filter,f=4,4.44448,0.391485,0.3716598599157206,
fp_sweep,cuckoo_filter,f=6,6.66672,0.108915,0.1071951571873665,
fp_sweep,cuckoo_filter,f=8,8.88896,0.02744,0.02778650120347681,
fp_sweep,cuckoo_filter,f=10,11.1112,0.006795,0.007009944100809684,
fp_sweep,cuckoo_filter,f=12,13.33344,0.001735,0.0017564686477676839,
fp_sweep,cuckoo_filter,f=14,15.55568,0.000425,0.00043936647115716543,
fp_sweep,cuckoo_filter,f=16,17.77792,0.00012,0.00010985720579814728,
occupancy,cuckoo_filter,b=1,,,,0.52293
occupancy,cuckoo_filter,b=2,,,,0.87291
occupancy,cuckoo_filter,b=4,,,,0.96585
occupancy,cuckoo_filter,b=8,,,,0.98828
