structure,n,query_count,build_ns,hit_mean_ns,miss_mean_ns,query_total_ns,query_mean_ns,false_positives,false_negatives,false_positive_rate,insert_failures,load_factor,query_min_ns,query_max_ns,trials,memory_bytes,string_payload_bytes
linear_search,1000,10000,32625.0,5067.525,8909.95,68676667.0,6867.6667,0,0,0.0,0,0.0,6156.1167,10414.6875,5,9128,49000
binary_search,1000,10000,7167.0,618.175,455.8,5419333.0,541.9333,0,0,0.0,0,0.0,525.6333,653.8749,5,8376,49000
hash_table,1000,10000,2818542.0,1027.25,1639.9084,13361084.0,1336.1084,0,0,0.0,0,0.0,1266.6709,1507.6959,5,77232,49000
bloom_filter,1000,10000,2050042.0,2063.075,2407.5,22392209.0,2239.2209,50,0,0.01,0,0.0,2198.3417,2881.7501,5,1908,0
cuckoo_filter,1000,10000,2002000.0,1342.3334,2267.025,18081167.0,1808.1167,40,0,0.008,0,0.8992805755395683,1743.3,1915.15,5,9608,0
linear_search,10000,10000,224000.0,44783.9832,80001.1166,620962791.0,62096.2791,0,0,0.0,0,0.0,60151.9624,64796.5959,5,85392,500000
binary_search,10000,10000,17209.0,879.3582,697.8416,7734541.0,773.4541,0,0,0.0,0,0.0,752.7001,813.0958,5,80320,500000
hash_table,10000,10000,25716666.0,1133.075,1626.2916,14228499.0,1422.8499,0,0,0.0,0,0.0,1275.1584,1475.5583,5,726128,500000
bloom_filter,10000,10000,21553292.0,2050.8332,2400.4,22212541.0,2221.2541,51,0,0.0102,0,0.0,2137.8249,2319.3791,5,12635,0
cuckoo_filter,10000,10000,19018333.0,1325.1084,2272.3916,18151459.0,1815.1459,27,0,0.0054,0,0.8999280057595392,1787.625,1826.1626,5,29102,0
linear_search,100000,2000,2100833.0,448216.458,772117.667,1225841208.0,612920.604,0,0,0.0,0,0.0,606404.3335,616050.0205,5,801144,5100000
binary_search,100000,10000,152667.0,1595.1084,916.3334,12557209.0,1255.7209,0,0,0.0,0,0.0,1146.0583,1348.3167,5,800264,5100000
hash_table,100000,10000,373854791.0,1336.7666,1644.3582,14940957.0,1494.0957,0,0,0.0,0,0.0,1448.4042,1557.1167,5,8251800,5100000
bloom_filter,100000,10000,265688042.0,2593.65,2970.625,28167416.0,2816.7416,42,0,0.0084,0,0.0,2517.7792,4192.7167,5,120411,0
cuckoo_filter,100000,10000,206710041.0,1553.25,2552.4,20528250.0,2052.825,24,0,0.0048,0,0.8999928000575995,1926.4875,2169.9042,5,237738,0
linear_search,1000000,200,24637041.0,4735190.0,8652438.33,1312617916.0,6563089.58,0,0,0.0,0,0.0,6402354.165,6803254.375,5,8448832,52000000
binary_search,1000000,10000,2604625.0,2207.05,1083.0334,16527333.0,1652.7333,0,0,0.0,0,0.0,1612.4166,1962.0459,5,8000208,52000000
hash_table,1000000,10000,4061012042.0,1449.1834,1813.825,16498917.0,1649.8917,0,0,0.0,0,0.0,1595.9,1696.775,5,77466720,52000000
bloom_filter,1000000,10000,2261275958.0,2215.1,2544.1166,23687500.0,2368.75,65,0,0.013,0,0.0,2340.3249,3068.0709,5,1198690,0
cuckoo_filter,1000000,10000,2094350000.0,1533.7,2512.9166,20228125.0,2022.8125,33,0,0.0066,0,0.899999280000576,1996.2124,2064.5167,5,2317566,0
